name,developers,is_free,negative,positive,publishers,release_yyyy_mm,category_descriptions,genre_descriptions,tags_list,owners_avg,Game Name,Views,Likes,Comments
Grand Theft Auto V Legacy,['Rockstar North'],False,250576,1739980,['Rockstar Games'],2015-04-01,"['Single-player', 'Multi-player', 'PvP', 'Online PvP', 'Co-op', 'Online Co-op', 'Steam Achievements', 'Full controller support', 'Remote Play on Phone', 'Remote Play on Tablet', 'Remote Play on TV']","['Action', 'Adventure']","['Open World', 'Action', 'Multiplayer', 'Crime', 'Automobile Sim', 'Third Person', 'First-Person', 'Mature', 'Shooter', 'Adventure', 'Singleplayer', 'Third-Person Shooter', 'Racing', 'Co-op', 'Sandbox', 'Atmospheric', 'Funny', 'Great Soundtrack', 'Comedy', 'Moddable']",75000000,Grand Theft Auto V Legacy,4123142,88526,9922
PUBG: BATTLEGROUNDS,['PUBG Corporation'],True,1037487,1520457,"['KRAFTON, Inc.']",2017-12-01,"['Multi-player', 'PvP', 'Online PvP', 'Stats', 'Remote Play on Phone', 'Remote Play on Tablet']","['Action', 'Adventure', 'Massively Multiplayer', 'Free To Play']","['Survival', 'Shooter', 'Battle Royale', 'Multiplayer', 'FPS', 'PvP', 'Third-Person Shooter', 'Action', 'Online Co-Op', 'Tactical', 'Co-op', 'First-Person', 'Strategy', 'Early Access', 'Competitive', 'Third Person', 'Team-Based', 'Difficult', 'Simulation', 'Stealth']",150000000,PUBG: BATTLEGROUNDS,4929503,133979,10908
Terraria,['Re-Logic'],False,35494,1373979,['Re-Logic'],2011-05-01,"['Single-player', 'Multi-player', 'PvP', 'Online PvP', 'Co-op', 'Online Co-op', 'Steam Achievements', 'Full controller support', 'Steam Trading Cards', 'Steam Cloud', 'Remote Play on Phone', 'Remote Play on Tablet', 'Remote Play on TV', 'Family Sharing']","['Action', 'Adventure', 'Indie', 'RPG']","['Open World Survival Craft', 'Sandbox', 'Survival', '2D', 'Multiplayer', 'Adventure', 'Pixel Graphics', 'Crafting', 'Building', 'Exploration', 'Co-op', 'Open World', 'Online Co-Op', 'Indie', 'Action', 'RPG', 'Singleplayer', 'Replay Value', 'Platformer', 'Atmospheric']",35000000,Terraria,9172772,272214,32450
Rust,['Facepunch Studios'],False,156649,1071135,['Facepunch Studios'],2018-02-01,"['Multi-player', 'MMO', 'PvP', 'Online PvP', 'Co-op', 'Online Co-op', 'Cross-Platform Multiplayer', 'Steam Achievements', 'Steam Trading Cards', 'Steam Workshop', 'In-App Purchases', 'Valve Anti-Cheat enabled', 'Stats', 'Remote Play on Tablet']","['Action', 'Adventure', 'Indie', 'Massively Multiplayer', 'RPG']","['Survival', 'Crafting', 'Multiplayer', 'Open World', 'Open World Survival Craft', 'Building', 'PvP', 'Sandbox', 'Adventure', 'First-Person', 'Action', 'Nudity', 'FPS', 'Shooter', 'Co-op', 'Online Co-Op', 'Indie', 'Post-apocalyptic', 'Early Access', 'Simulation']",35000000,Rust,1836202,21524,2240
Team Fortress 2,['Valve'],True,117208,1044264,['Valve'],2007-10-01,"['Multi-player', 'Cross-Platform Multiplayer', 'Steam Achievements', 'Steam Trading Cards', 'Captions available', 'Steam Workshop', 'In-App Purchases', 'Camera Comfort', 'Color Alternatives', 'Custom Volume Controls', 'Stereo Sound', 'Surround Sound', 'Partial Controller Support', 'Valve Anti-Cheat enabled', 'Stats', 'Includes level editor', 'Commentary available', 'Remote Play on Phone', 'Remote Play on Tablet']","['Action', 'Free To Play']","['Free to Play', 'Hero Shooter', 'Multiplayer', 'FPS', 'Shooter', 'Action', 'Class-Based', 'Team-Based', 'Funny', 'First-Person', 'Online Co-Op', 'Competitive', 'Cartoony', 'Trading', 'Co-op', 'Comedy', 'Robots', 'Tactical', 'Cartoon', 'Crafting']",75000000,Team Fortress 2,4180695,151633,10739
ELDEN RING,"['FromSoftware, Inc.']",False,75137,981540,"['FromSoftware, Inc.', 'Bandai Namco Entertainment']",2022-02-01,"['Single-player', 'Multi-player', 'PvP', 'Online PvP', 'Co-op', 'Online Co-op', 'Steam Achievements', 'Full controller support', 'Steam Trading Cards', 'Camera Comfort', 'Custom Volume Controls', 'Playable without Timed Input', 'Save Anytime', 'Stereo Sound', 'Surround Sound', 'Steam Cloud', 'Family Sharing']","['Action', 'RPG']","['Souls-like', 'Open World', 'Dark Fantasy', 'RPG', 'Difficult', 'Action RPG', 'Third Person', 'Multiplayer', 'Fantasy', 'Singleplayer', 'Online Co-Op', 'Action', 'Co-op', 'Atmospheric', 'PvP', 'Great Soundtrack', 'Violent', '3D', 'Character Customization', 'Family Friendly']",35000000,ELDEN RING,24993615,841587,63980
Left 4 Dead 2,['Valve'],False,23762,940221,['Valve'],2009-11-01,"['Single-player', 'Multi-player', 'PvP', 'Online PvP', 'Co-op', 'Online Co-op', 'Steam Achievements', 'Full controller support', 'Steam Trading Cards', 'Captions available', 'Steam Workshop', 'Camera Comfort', 'Color Alternatives', 'Custom Volume Controls', 'Adjustable Difficulty', 'Playable without Timed Input', 'Stereo Sound', 'Surround Sound', 'Steam Cloud', 'Valve Anti-Cheat enabled', 'Stats', 'Includes Source SDK', 'Commentary available', 'Remote Play on Phone', 'Remote Play on Tablet', 'Remote Play on TV', 'Remote Play Together', 'Family Sharing', 'Steam Timeline']",['Action'],"['Zombies', 'Co-op', 'FPS', 'Multiplayer', 'Shooter', 'Online Co-Op', 'Action', 'Survival', 'Horror', 'First-Person', 'Gore', 'Team-Based', 'Moddable', 'Survival Horror', 'Post-apocalyptic', 'Singleplayer', 'Adventure', 'Local Co-Op', 'Replay Value', 'Tactical']",75000000,Left 4 Dead 2,6717807,180622,17619
Wallpaper Engine,['Wallpaper Engine Team'],False,17560,876898,['Wallpaper Engine Team'],2018-11-01,"['Steam Achievements', 'Steam Trading Cards', 'Steam Workshop', 'Steam Workshop', 'Includes level editor']","['Casual', 'Indie', 'Animation & Modeling', 'Design & Illustration', 'Photo Editing', 'Utilities']","['Mature', 'Utilities', 'Anime', 'Software', 'Design & Illustration', 'Animation & Modeling', 'First-Person', 'NSFW', 'Indie', 'Memes', 'Cute', 'Action', 'Singleplayer', 'Funny', 'Early Access', 'Photo Editing', 'Sandbox', 'Horror', 'Gaming', 'Game Development']",35000000,Wallpaper Engine,2820081,68238,2157
Stardew Valley,['ConcernedApe'],False,13811,872384,['ConcernedApe'],2016-02-01,"['Single-player', 'Multi-player', 'Co-op', 'Online Co-op', 'LAN Co-op', 'Shared/Split Screen Co-op', 'Shared/Split Screen', 'Steam Achievements', 'Full controller support', 'Steam Trading Cards', 'Steam Cloud', 'Remote Play on Phone', 'Remote Play on Tablet', 'Remote Play Together', 'Family Sharing']","['Indie', 'RPG', 'Simulation']","['Farming Sim', 'Pixel Graphics', 'Multiplayer', 'Life Sim', 'RPG', 'Relaxing', 'Agriculture', 'Simulation', 'Crafting', 'Sandbox', 'Indie', 'Building', 'Singleplayer', 'Casual', 'Open World', '2D', 'Dating Sim', 'Cute', 'Great Soundtrack', 'Fishing']",35000000,Stardew Valley,4616015,155833,4133
Euro Truck Simulator 2,['SCS Software'],False,22924,844480,['SCS Software'],2012-10-01,"['Single-player', 'Multi-player', 'Co-op', 'Online Co-op', 'Steam Achievements', 'Steam Trading Cards', 'Steam Workshop', 'Partial Controller Support', 'Steam Cloud', 'Includes level editor', 'Remote Play on Phone', 'Remote Play on Tablet', 'Remote Play Together', 'Family Sharing']","['Indie', 'Simulation']","['Driving', 'Transportation', 'Simulation', 'Open World', 'Automobile Sim', 'Realistic', 'Moddable', 'Relaxing', 'Exploration', 'Economy', 'Immersive Sim', 'Management', 'Atmospheric', 'Multiplayer', 'Controller', 'Family Friendly', 'Third Person', 'Adventure', 'Casual', 'Indie']",15000000,Euro Truck Simulator 2,702628,22204,1641
The Witcher 3: Wild Hunt,['CD PROJEKT RED'],False,32356,802993,['CD PROJEKT RED'],2015-05-01,"['Single-player', 'Steam Achievements', 'Steam Trading Cards', 'Steam Workshop', 'Adjustable Text Size', 'Camera Comfort', 'Color Alternatives', 'Custom Volume Controls', 'Adjustable Difficulty', 'Playable without Timed Input', 'Save Anytime', 'Stereo Sound', 'Surround Sound', 'Partial Controller Support', 'Steam Cloud', 'Remote Play on Tablet', 'Remote Play on TV', 'Family Sharing']",['RPG'],"['Open World', 'RPG', 'Story Rich', 'Atmospheric', 'Mature', 'Fantasy', 'Adventure', 'Singleplayer', 'Nudity', 'Choices Matter', 'Great Soundtrack', 'Third Person', 'Medieval', 'Action', 'Multiple Endings', 'Action RPG', 'Dark Fantasy', 'Magic', 'Dark', 'Sandbox']",35000000,The Witcher 3: Wild Hunt,8107144,114339,14988
Baldur's Gate 3,['Larian Studios'],False,23974,736688,['Larian Studios'],2023-08-01,"['Single-player', 'Multi-player', 'Co-op', 'Online Co-op', 'LAN Co-op', 'Cross-Platform Multiplayer', 'Steam Achievements', 'Full controller support', 'Steam Trading Cards', 'Adjustable Text Size', 'Camera Comfort', 'Color Alternatives', 'Custom Volume Controls', 'Adjustable Difficulty', 'Playable without Timed Input', 'Save Anytime', 'Stereo Sound', 'Subtitle Options', 'Surround Sound', 'Steam Cloud', 'Remote Play on TV', 'Remote Play Together', 'Family Sharing']","['Adventure', 'RPG', 'Strategy']","['RPG', 'Character Customization', 'Choices Matter', 'Story Rich', 'Turn-Based Combat', 'Dungeons & Dragons', 'CRPG', 'Fantasy', 'Adventure', 'Sexual Content', 'Romance', 'Online Co-Op', 'Multiplayer', 'Strategy', 'Singleplayer', 'Co-op Campaign', 'Nudity', 'Class-Based', 'Dark Fantasy', 'Combat']",35000000,Baldur's Gate 3,13384310,315245,23015
Phasmophobia,['Kinetic Games'],False,32168,736611,['Kinetic Games'],2020-09-01,"['Single-player', 'Multi-player', 'Co-op', 'Online Co-op', 'Steam Achievements', 'Full controller support', 'Tracked Controller Support', 'VR Supported', 'Steam Trading Cards', 'Camera Comfort', 'Adjustable Difficulty', 'Playable without Timed Input', 'Stereo Sound', 'Surround Sound', 'Steam Cloud', 'Remote Play on Phone', 'Remote Play on Tablet', 'Family Sharing']","['Action', 'Indie', 'Early Access']","['Horror', 'Online Co-Op', 'Multiplayer', 'Psychological Horror', 'Co-op', 'Supernatural', 'VR', 'First-Person', 'Investigation', 'Dark', 'Demons', 'Detective', 'Mystery', 'Thriller', '3D', 'Early Access', 'Indie', 'Action', 'Tactical', 'Singleplayer']",15000000,Phasmophobia,2390181,71774,1285
Cyberpunk 2077,['CD PROJEKT RED'],False,131850,713071,['CD PROJEKT RED'],2020-12-01,"['Single-player', 'Steam Achievements', 'Full controller support', 'Steam Trading Cards', 'Adjustable Text Size', 'Camera Comfort', 'Color Alternatives', 'Custom Volume Controls', 'Adjustable Difficulty', 'Playable without Timed Input', 'Save Anytime', 'Stereo Sound', 'Subtitle Options', 'Surround Sound', 'Steam Cloud', 'Family Sharing']",['RPG'],"['Cyberpunk', 'Open World', 'Nudity', 'RPG', 'Singleplayer', 'Sci-fi', 'FPS', 'Story Rich', 'Mature', 'Futuristic', 'First-Person', 'Atmospheric', 'Exploration', 'Action', 'Violent', 'Great Soundtrack', 'Action RPG', 'Adventure', 'Character Customization', 'Immersive Sim']",35000000,Cyberpunk 2077,9874101,271092,40629
Red Dead Redemption 2,['Rockstar Games'],False,56875,676667,['Rockstar Games'],2019-12-01,"['Single-player', 'Multi-player', 'PvP', 'Online PvP', 'Co-op', 'Online Co-op', 'Steam Achievements', 'In-App Purchases', 'Partial Controller Support', 'Remote Play on Phone', 'Remote Play on Tablet']","['Action', 'Adventure']","['Open World', 'Story Rich', 'Western', 'Adventure', 'Multiplayer', 'Action', 'Realistic', 'Singleplayer', 'Shooter', 'Atmospheric', 'Horses', 'Beautiful', 'Mature', 'Third-Person Shooter', 'Great Soundtrack', 'Third Person', 'Gore', 'Sandbox', 'First-Person', 'FPS']",15000000,Red Dead Redemption 2,26791581,665388,68254
Among Us,['Innersloth'],False,57104,643681,['Innersloth'],2018-11-01,"['Multi-player', 'PvP', 'Online PvP', 'LAN PvP', 'Co-op', 'Online Co-op', 'LAN Co-op', 'Cross-Platform Multiplayer', 'Steam Achievements', 'Full controller support', 'Steam Trading Cards', 'In-App Purchases', 'Remote Play on Phone', 'Remote Play on Tablet', 'Family Sharing']",['Casual'],"['Multiplayer', 'Social Deduction', 'Online Co-Op', 'Space', 'Survival', '2D', 'Funny', 'Psychological', 'Party Game', 'Co-op', 'Cartoony', 'Local Multiplayer', 'Casual', 'Action', 'Sci-fi', 'PvP', 'Top-Down', 'Colorful', 'Minigames', 'Aliens']",35000000,Among Us,4977276,166078,4526
Dead by Daylight,['Behaviour Interactive Inc.'],False,166993,630223,['Behaviour Interactive Inc.'],2016-06-01,"['Multi-player', 'PvP', 'Online PvP', 'Co-op', 'Online Co-op', 'Cross-Platform Multiplayer', 'Steam Achievements', 'Full controller support', 'Steam Trading Cards', 'Steam Cloud', 'Remote Play on Phone', 'Remote Play on Tablet', 'Remote Play on TV', 'Family Sharing']",['Action'],"['Horror', 'Multiplayer', 'Survival Horror', 'Online Co-Op', 'Co-op', 'Survival', 'Gore', 'Team-Based', 'Blood', 'Stealth', 'Third Person', 'Violent', 'First-Person', 'Psychological Horror', 'Action', 'Atmospheric', 'Strategy', 'Comedy', 'Mature', 'Difficult']",35000000,Dead by Daylight,1718309,77510,5011
ARK: Survival Evolved,"['Studio Wildcard', 'Instinct Games', 'Efecto Studios', 'Virtual Basement LLC']",False,117993,612177,"['Studio Wildcard', 'Snail Games USA']",2017-08-01,"['Single-player', 'Multi-player', 'MMO', 'Co-op', 'Steam Achievements', 'Full controller support', 'Steam Workshop', 'Steam Cloud', 'Valve Anti-Cheat enabled', 'Includes level editor', 'Remote Play on Tablet', 'Family Sharing']","['Action', 'Adventure', 'Indie', 'Massively Multiplayer', 'RPG']","['Open World Survival Craft', 'Survival', 'Multiplayer', 'Open World', 'Dinosaurs', 'Crafting', 'Building', 'Adventure', 'Base-Building', 'Co-op', 'Action', 'Sandbox', 'First-Person', 'Massively Multiplayer', 'Singleplayer', 'Early Access', 'RPG', 'Dragons', 'Sci-fi', 'Indie']",35000000,ARK: Survival Evolved,3342214,51158,10331
The Forest,['Endnight Games Ltd'],False,27986,599805,['Endnight Games Ltd'],2018-04-01,"['Single-player', 'Multi-player', 'Co-op', 'Online Co-op', 'LAN Co-op', 'Tracked Controller Support', 'VR Supported', 'Partial Controller Support', 'Steam Cloud', 'Family Sharing']","['Action', 'Adventure', 'Indie', 'Simulation']","['Open World Survival Craft', 'Survival', 'Open World', 'Horror', 'Crafting', 'Adventure', 'Building', 'Survival Horror', 'First-Person', 'Action', 'Exploration', 'Sandbox', 'Singleplayer', 'Atmospheric', 'Simulation', 'Gore', 'Realistic', 'Indie', 'Zombies', 'Early Access']",35000000,The Forest,7324834,157475,8346
Warframe,['Digital Extremes'],True,81110,545393,['Digital Extremes'],2013-03-01,"['Single-player', 'Multi-player', 'Co-op', 'Online Co-op', 'Cross-Platform Multiplayer', 'Steam Achievements', 'Full controller support', 'Steam Trading Cards', 'Steam Workshop', 'In-App Purchases', 'Camera Comfort', 'Color Alternatives', 'Custom Volume Controls', 'Playable without Timed Input', 'Stereo Sound', 'Surround Sound', 'Remote Play on Phone', 'Remote Play on Tablet', 'Remote Play on TV', 'HDR available']","['Action', 'RPG', 'Free To Play']","['Free to Play', 'Action RPG', 'Looter Shooter', 'Third-Person Shooter', 'Action', 'RPG', 'Third Person', 'Character Customization', 'Massively Multiplayer', 'Online Co-Op', 'Co-op', 'PvE', 'Sci-fi', 'Singleplayer', 'Space', 'Shooter', 'Lore-Rich', 'Hack and Slash', 'Parkour', 'Ninja']",35000000,Warframe,7787151,225982,38088
Unturned,['Smartly Dressed Games'],True,48852,506516,['Smartly Dressed Games'],2017-07-01,"['Single-player', 'Multi-player', 'PvP', 'Online PvP', 'LAN PvP', 'Co-op', 'Online Co-op', 'LAN Co-op', 'Steam Achievements', 'Steam Trading Cards', 'Steam Workshop', 'In-App Purchases', 'Camera Comfort', 'Custom Volume Controls', 'Adjustable Difficulty', 'Playable without Timed Input', 'Stereo Sound', 'Steam Cloud', 'Valve Anti-Cheat enabled', 'Stats', 'Includes level editor', 'Remote Play on Tablet']","['Action', 'Adventure', 'Casual', 'Indie', 'Free To Play']","['Free to Play', 'Survival', 'Zombies', 'Multiplayer', 'Open World', 'Co-op', 'Sandbox', 'Crafting', 'Shooter', 'Adventure', 'Post-apocalyptic', 'First-Person', 'Singleplayer', 'Looter Shooter', 'FPS', 'Action', 'Massively Multiplayer', 'Indie', 'Atmospheric', 'Casual']",75000000,Unturned,1443027,44663,3269
Destiny 2,['Bungie'],True,127725,497891,['Bungie'],2019-10-01,"['Single-player', 'Multi-player', 'PvP', 'Online PvP', 'Co-op', 'Online Co-op', 'Steam Achievements', 'In-App Purchases', 'Partial Controller Support']","['Action', 'Adventure', 'Free To Play']","['Free to Play', 'Open World', 'Multiplayer', 'Looter Shooter', 'MMORPG', 'FPS', 'Co-op', 'PvE', 'PvP', 'Shooter', 'Massively Multiplayer', 'Loot', 'First-Person', 'Sci-fi', 'Action', 'Adventure', 'Lore-Rich', 'Space', 'Competitive', 'Atmospheric']",35000000,Destiny 2,18989678,419423,102033
War Thunder,['Gaijin Entertainment'],True,272617,484469,['Gaijin Network Ltd'],2013-08-01,"['Single-player', 'Multi-player', 'MMO', 'PvP', 'Online PvP', 'Co-op', 'Online Co-op', 'Cross-Platform Multiplayer', 'Steam Achievements', 'Full controller support', 'VR Supported', 'Steam Trading Cards', 'In-App Purchases', 'Remote Play on Phone', 'Remote Play on Tablet']","['Action', 'Massively Multiplayer', 'Simulation', 'Free To Play']","['Free to Play', 'Simulation', 'Vehicular Combat', 'Combat', 'World War II', 'Flight', 'VR', 'War', 'Military', 'Tanks', 'Multiplayer', 'Naval Combat', 'Modern', 'Massively Multiplayer', 'Cold War', 'Realistic', 'Shooter', 'Action', 'Third Person', 'Third-Person Shooter']",35000000,War Thunder,6293041,263161,17665
Lethal Company,['Zeekerss'],False,13738,473422,['Zeekerss'],2023-10-01,"['Single-player', 'Multi-player', 'Co-op', 'Online Co-op', 'Partial Controller Support', 'Family Sharing']","['Action', 'Adventure', 'Indie', 'Early Access']","['Online Co-Op', 'Horror', 'First-Person', 'Co-op', 'Survival Horror', 'Exploration', 'Funny', 'Psychological Horror', 'Sci-fi', 'PvE', 'Atmospheric', 'Procedural Generation', 'Aliens', 'Time Management', 'Adventure', 'Dungeon Crawler', 'Action', 'Early Access', 'Action-Adventure', 'Perma Death']",15000000,Lethal Company,14101939,583065,19568
Valheim,['Iron Gate AB'],False,28377,471451,['Coffee Stain Publishing'],2021-02-01,"['Single-player', 'Multi-player', 'Co-op', 'Online Co-op', 'Full controller support', 'Steam Cloud', 'Remote Play on Tablet', 'Family Sharing']","['Action', 'Adventure', 'Indie', 'RPG', 'Early Access']","['Open World Survival Craft', 'Survival', 'Online Co-Op', 'Open World', 'Multiplayer', 'Building', 'Crafting', 'Base-Building', 'Exploration', 'Co-op', 'Adventure', 'Difficult', 'Mythology', 'Sandbox', 'PvE', 'Third Person', 'Action', 'Singleplayer', 'Early Access', 'Indie']",15000000,Valheim,3826765,111157,10507
Dying Light,['Techland'],False,21945,435687,['Techland'],2015-01-01,"['Single-player', 'Multi-player', 'PvP', 'Online PvP', 'Co-op', 'Online Co-op', 'Steam Achievements', 'Full controller support', 'Steam Trading Cards', 'Steam Workshop', 'Steam Cloud', 'Valve Anti-Cheat enabled', 'Includes level editor', 'Remote Play on Tablet', 'Remote Play on TV', 'Family Sharing']","['Action', 'RPG']","['Zombies', 'Survival Horror', 'Horror', 'Online Co-Op', 'Open World', 'Parkour', 'First-Person', 'Survival', 'Open World Survival Craft', 'Gore', 'FPS', 'Action', 'PvE', 'Stealth', 'PvP', 'Multiplayer', 'Post-apocalyptic', 'Story Rich', 'Action RPG', 'Hack and Slash']",15000000,Dying Light,15207909,269068,34466
Monster Hunter: World,"['CAPCOM Co., Ltd.']",False,59151,434239,"['CAPCOM Co., Ltd.']",2018-08-01,"['Single-player', 'Multi-player', 'Co-op', 'Steam Achievements', 'Steam Trading Cards', 'Partial Controller Support', 'Steam Cloud', 'Stats', 'Steam Leaderboards', 'Remote Play on Tablet', 'HDR available', 'Family Sharing']",['Action'],"['Co-op', 'Multiplayer', 'Action', 'Open World', 'RPG', 'Character Customization', 'Third Person', 'Adventure', 'Fantasy', 'Action RPG', 'Difficult', 'Singleplayer', 'Exploration', 'Great Soundtrack', 'Replay Value', 'Atmospheric', 'Hack and Slash', 'JRPG', 'MMORPG', 'Souls-like']",15000000,Monster Hunter: World,13057044,331490,26196
Portal 2,['Valve'],False,5675,427835,['Valve'],2011-04-01,"['Single-player', 'Multi-player', 'Co-op', 'Online Co-op', 'Shared/Split Screen Co-op', 'Shared/Split Screen', 'Steam Achievements', 'Full controller support', 'Steam Trading Cards', 'Captions available', 'Steam Workshop', 'Steam Workshop', 'Camera Comfort', 'Custom Volume Controls', 'Playable without Timed Input', 'Save Anytime', 'Stereo Sound', 'Surround Sound', 'Steam Cloud', 'Stats', 'Includes level editor', 'Commentary available', 'Remote Play on Phone', 'Remote Play on Tablet', 'Remote Play on TV', 'Remote Play Together', 'Family Sharing']","['Action', 'Adventure']","['Platformer', 'Puzzle', 'First-Person', 'Dark Humor', 'Story Rich', 'Puzzle-Platformer', 'Funny', 'Female Protagonist', '3D Platformer', 'Action-Adventure', 'Action', 'FPS', 'Co-op', 'Physics', 'Sci-fi', 'Level Editor', 'Science', 'Comedy', 'Atmospheric', 'Adventure']",7500000,Portal 2,5955834,117154,13386
Hollow Knight,['Team Cherry'],False,12305,403641,['Team Cherry'],2017-02-01,"['Single-player', 'Steam Achievements', 'Full controller support', 'Steam Trading Cards', 'Steam Cloud', 'Remote Play on Phone', 'Remote Play on Tablet', 'Remote Play on TV', 'Family Sharing']","['Action', 'Adventure', 'Indie']","['Metroidvania', 'Souls-like', 'Platformer', 'Great Soundtrack', '2D', 'Difficult', 'Indie', 'Singleplayer', 'Atmospheric', 'Exploration', 'Adventure', 'Story Rich', 'Hand-drawn', 'Multiple Endings', 'Action', 'Dark Fantasy', 'Open World', 'Cute', 'Controller', 'Side Scroller']",7500000,Hollow Knight,8608726,235145,21539
Geometry Dash,['RobTop Games'],False,28895,401026,['RobTop Games'],2014-12-01,"['Single-player', 'Steam Achievements', 'Steam Trading Cards', 'Partial Controller Support', 'Includes level editor', 'Remote Play on Phone', 'Remote Play on Tablet', 'Family Sharing']","['Action', 'Indie']","['Difficult', 'Music', 'Level Editor', 'Great Soundtrack', 'Precision Platformer', '2D', 'Rhythm', 'Singleplayer', 'Colorful', 'Platformer', 'Character Customization', 'Indie', 'Arcade', 'Side Scroller', 'Family Friendly', 'Action', 'Funny', 'Casual', 'Strategy', 'Psychological Horror']",7500000,Geometry Dash,17437460,316216,24827
Palworld,['Pocketpair'],False,22443,358266,['Pocketpair'],2024-01-01,"['Single-player', 'Multi-player', 'Co-op', 'Online Co-op', 'Cross-Platform Multiplayer', 'Steam Achievements', 'Full controller support', 'Steam Cloud', 'Family Sharing']","['Action', 'Adventure', 'Indie', 'RPG', 'Early Access']","['Open World', 'Survival', 'Creature Collector', 'Multiplayer', 'Open World Survival Craft', 'Online Co-Op', 'Crafting', 'Co-op', 'Adventure', 'Base-Building', 'Sandbox', 'Building', 'Third-Person Shooter', 'Automation', 'Action', 'RPG', 'Anime', 'Early Access', 'Exploration', 'Farming']",75000000,Palworld,13412730,511426,22690
Project Zomboid,['The Indie Stone'],False,21892,355171,['The Indie Stone'],2013-11-01,"['Single-player', 'Multi-player', 'PvP', 'Online PvP', 'Co-op', 'Online Co-op', 'Shared/Split Screen Co-op', 'Shared/Split Screen', 'Cross-Platform Multiplayer', 'Steam Trading Cards', 'Steam Workshop', 'Partial Controller Support', 'Remote Play Together', 'Family Sharing']","['Indie', 'RPG', 'Simulation', 'Early Access']","['Survival', 'Zombies', 'Open World', 'Multiplayer', 'Open World Survival Craft', 'Sandbox', 'Post-apocalyptic', 'Co-op', 'Crafting', 'Building', 'Indie', 'Simulation', 'RPG', 'Survival Horror', 'Realistic', 'Isometric', 'Singleplayer', '2D', 'Adventure', 'Early Access']",15000000,Project Zomboid,6657669,215724,8242
Bloons TD 6,['Ninja Kiwi'],False,9691,344269,['Ninja Kiwi'],2018-12-01,"['Single-player', 'Multi-player', 'Co-op', 'Online Co-op', 'Steam Achievements', 'In-App Purchases', 'Remote Play on Phone', 'Remote Play on Tablet', 'Family Sharing']",['Strategy'],"['Tower Defense', 'Strategy', 'Multiplayer', 'Singleplayer', 'Online Co-Op', 'Co-op', 'Family Friendly', 'Casual', '3D', 'Cartoony', 'Sandbox', '2D', 'Great Soundtrack', 'Difficult', 'Touch-Friendly', 'Cute', 'Funny', 'Addictive', 'Survival', 'Action']",3500000,Bloons TD 6,8177855,280948,10291
The Binding of Isaac: Rebirth,"['Nicalis, Inc.', 'Edmund McMillen']",False,9255,334165,"['Nicalis, Inc.']",2014-11-01,"['Single-player', 'Multi-player', 'Shared/Split Screen', 'Steam Achievements', 'Full controller support', 'Steam Trading Cards', 'Steam Cloud', 'Remote Play on TV', 'Remote Play Together', 'Family Sharing']",['Action'],"['Action Roguelike', 'Rogue-like', 'Indie', 'Replay Value', 'Difficult', 'Pixel Graphics', 'Dungeon Crawler', 'Great Soundtrack', 'Singleplayer', 'Dark', '2D', 'Local Co-Op', 'Remake', 'Gore', 'Procedural Generation', 'Rogue-lite', 'Atmospheric', 'Co-op', 'Action', 'Horror']",7500000,The Binding of Isaac: Rebirth,5562309,244139,5013
Deep Rock Galactic,['Ghost Ship Games'],False,9413,333587,['Coffee Stain Publishing'],2020-05-01,"['Single-player', 'Multi-player', 'Co-op', 'Online Co-op', 'Steam Achievements', 'Full controller support', 'Steam Trading Cards', 'Captions available', 'Steam Cloud', 'Remote Play on Tablet', 'Remote Play on TV', 'Family Sharing']",['Action'],"['Dwarf', 'Co-op', 'PvE', 'FPS', 'Procedural Generation', 'Class-Based', 'Shooter', 'Exploration', 'First-Person', 'Loot', 'Sci-fi', 'Space', 'Action', 'Atmospheric', 'Looter Shooter', 'Combat', 'Survival', 'Horror', 'Dark', 'Action Roguelike']",7500000,Deep Rock Galactic,8637649,321635,14893
DayZ,['Bohemia Interactive'],False,99903,330349,['Bohemia Interactive'],2018-12-01,"['Multi-player', 'MMO', 'PvP', 'Online PvP', 'Co-op', 'Online Co-op', 'Steam Achievements', 'Steam Workshop', 'Steam Cloud', 'Valve Anti-Cheat enabled']","['Action', 'Adventure', 'Massively Multiplayer']","['Survival', 'Open World', 'Online Co-Op', 'Zombies', 'Multiplayer', 'Post-apocalyptic', 'Shooter', 'PvP', 'Massively Multiplayer', 'Action', 'FPS', 'Horror', 'Sandbox', 'Co-op', 'Survival Horror', 'Adventure', 'First-Person', 'Simulation', 'Atmospheric', 'Choose Your Own Adventure']",15000000,DayZ,2577029,70911,4293
7 Days to Die,['The Fun Pimps'],False,42157,327889,['The Fun Pimps Entertainment LLC'],2024-07-01,"['Single-player', 'Multi-player', 'PvP', 'Online PvP', 'LAN PvP', 'Co-op', 'Online Co-op', 'LAN Co-op', 'Cross-Platform Multiplayer', 'Steam Achievements', 'Full controller support', 'Steam Trading Cards', 'Includes level editor', 'Remote Play on Tablet', 'Remote Play on TV', 'Family Sharing']","['Action', 'Adventure', 'Indie', 'RPG', 'Simulation', 'Strategy']","['Survival', 'Zombies', 'Multiplayer', 'Open World', 'Open World Survival Craft', 'Base-Building', 'Post-apocalyptic', 'Voxel', 'Online Co-Op', 'Building', 'Exploration', 'Sandbox', 'FPS', 'Simulation', 'Tower Defense', 'Character Customization', 'Action', 'Horror', 'Strategy', 'Procedural Generation']",15000000,7 Days to Die,1287747,21656,4039
Fallout 4,['Bethesda Game Studios'],False,66233,326054,['Bethesda Softworks'],2015-11-01,"['Single-player', 'Steam Achievements', 'Full controller support', 'Playable without Timed Input', 'Save Anytime', 'Stereo Sound', 'Surround Sound', 'Steam Cloud', 'Remote Play on Phone', 'Remote Play on Tablet', 'Remote Play on TV', 'Family Sharing']",['RPG'],"['Open World', 'Post-apocalyptic', 'Singleplayer', 'Exploration', 'RPG', 'Adventure', 'Atmospheric', 'Shooter', 'First-Person', 'Story Rich', 'Action', 'Sci-fi', 'FPS', 'Action RPG', 'Sandbox', 'Great Soundtrack', 'Survival', 'Third Person', 'Third-Person Shooter', 'Character Customization']",15000000,Fallout 4,29428275,394425,67773
Raft,['Redbeet Interactive'],False,23161,323198,['Axolot Games'],2022-06-01,"['Single-player', 'Multi-player', 'Co-op', 'Online Co-op', 'Steam Achievements', 'Steam Cloud', 'Family Sharing']","['Adventure', 'Indie', 'Simulation']","['Survival', 'Multiplayer', 'Open World Survival Craft', 'Co-op', 'Crafting', 'Open World', 'Building', 'Base-Building', 'Online Co-Op', 'Adventure', 'Sandbox', 'First-Person', 'Singleplayer', 'Underwater', 'Simulation', 'Early Access', 'Action', 'Indie', 'Strategy', 'Massively Multiplayer']",15000000,Raft,4932986,83153,2562
Sea of Thieves: 2025 Edition,['Rare Ltd'],False,38164,317074,['Xbox Game Studios'],2020-06-01,"['Multi-player', 'PvP', 'Online PvP', 'Co-op', 'Online Co-op', 'Cross-Platform Multiplayer', 'Steam Achievements', 'Steam Trading Cards', 'In-App Purchases', 'Partial Controller Support', 'Remote Play on Phone', 'Remote Play on Tablet', 'Family Sharing']","['Action', 'Adventure']","['Multiplayer', 'Open World', 'Adventure', 'Pirates', 'Co-op', 'Online Co-Op', 'PvP', 'Action', 'Sailing', 'First-Person', 'Exploration', 'Naval', 'PvE', 'Funny', 'Massively Multiplayer', 'FPS', 'Atmospheric', 'Swordplay', 'Great Soundtrack', 'Singleplayer']",7500000,Sea of Thieves: 2025 Edition,2332225,74422,2599
Brawlhalla,['Blue Mammoth Games'],True,71647,314809,['Ubisoft'],2017-10-01,"['Single-player', 'Multi-player', 'PvP', 'Online PvP', 'Shared/Split Screen PvP', 'Co-op', 'Online Co-op', 'Shared/Split Screen Co-op', 'Shared/Split Screen', 'Cross-Platform Multiplayer', 'Steam Achievements', 'Steam Trading Cards', 'Partial Controller Support', 'Remote Play on Phone', 'Remote Play on Tablet', 'Remote Play on TV', 'Remote Play Together']","['Action', 'Indie', 'Free To Play']","['Free to Play', 'Multiplayer', 'Fighting', '2D Fighter', '2D Platformer', 'Casual', 'Local Multiplayer', 'Co-op', 'Controller', 'Platformer', 'Action', 'Online Co-Op', 'Local Co-Op', 'Fantasy', '4 Player Local', 'Family Friendly', 'e-sports', 'Cartoony', 'Singleplayer', 'Indie']",35000000,Brawlhalla,3966699,229957,2641
BeamNG.drive,['BeamNG'],False,8405,313873,['BeamNG'],2015-05-01,"['Single-player', 'Steam Achievements', 'Steam Trading Cards', 'Partial Controller Support', 'Steam Cloud', 'Includes level editor', 'Remote Play on Phone', 'Remote Play on Tablet', 'Remote Play Together', 'Family Sharing']","['Racing', 'Simulation', 'Early Access']","['Simulation', 'Driving', 'Physics', 'Realistic', 'Destruction', 'Automobile Sim', 'Sandbox', 'Open World', 'Racing', 'Moddable', 'Multiplayer', 'Singleplayer', 'Early Access', 'First-Person', 'Third Person', 'Exploration', 'Funny', 'Adventure', 'Action', 'Flight']",7500000,BeamNG.drive,190684642,2275740,6311
The Elder Scrolls V: Skyrim Special Edition,['Bethesda Game Studios'],False,26896,310162,['Bethesda Softworks'],2016-10-01,"['Single-player', 'Steam Achievements', 'Playable without Timed Input', 'Save Anytime', 'Stereo Sound', 'Surround Sound', 'Partial Controller Support', 'Steam Cloud', 'Remote Play on Phone', 'Remote Play on Tablet', 'Family Sharing']",['RPG'],"['Open World', 'RPG', 'Adventure', 'Singleplayer', 'Fantasy', 'Character Customization', 'Moddable', 'Dragons', 'Story Rich', 'Magic', 'First-Person', 'Action', 'Atmospheric', 'Great Soundtrack', 'Third Person', 'Stealth', 'Classic', 'Remake', 'Female Protagonist', 'Walking Simulator']",7500000,The Elder Scrolls V: Skyrim Special Edition,3338365,62521,9863
Hearts of Iron IV,['Paradox Development Studio'],False,36982,305168,['Paradox Interactive'],2016-06-01,"['Single-player', 'Multi-player', 'Co-op', 'Cross-Platform Multiplayer', 'Steam Achievements', 'Steam Trading Cards', 'Steam Workshop', 'Steam Cloud', 'Remote Play on Tablet', 'Family Sharing']","['Simulation', 'Strategy']","['Strategy', 'World War II', 'Grand Strategy', 'War', 'Historical', 'Military', 'Alternate History', 'Multiplayer', 'Simulation', 'Tactical', 'Singleplayer', 'Real-Time with Pause', 'RTS', 'Diplomacy', 'Sandbox', 'Co-op', 'Strategy RPG', 'Open World', 'Competitive', 'Action']",7500000,Hearts of Iron IV,3970131,137243,4608
Subnautica,['Unknown Worlds Entertainment'],False,9258,304449,['Unknown Worlds Entertainment'],2018-01-01,"['Single-player', 'Steam Achievements', 'Full controller support', 'VR Supported', 'Steam Trading Cards', 'VR Support', 'Steam Cloud', 'Remote Play on TV', 'Family Sharing']","['Adventure', 'Indie']","['Open World Survival Craft', 'Survival', 'Horror', 'Open World', 'Underwater', 'Exploration', 'Crafting', 'Base-Building', 'Singleplayer', 'Adventure', 'First-Person', 'Sci-fi', 'Multiplayer', 'Sandbox', 'Atmospheric', 'Aliens', 'Survival Horror', 'VR', 'Action', 'Indie']",7500000,Subnautica,8471640,195386,16172
The Elder Scrolls V: Skyrim,['Bethesda Game Studios'],False,16364,300915,['Bethesda Softworks'],2011-11-01,"['Single-player', 'Steam Achievements', 'Steam Trading Cards', 'Steam Workshop', 'Partial Controller Support', 'Steam Cloud', 'Family Sharing']",['RPG'],"['Open World', 'RPG', 'Fantasy', 'Adventure', 'Dragons', 'Moddable', 'First-Person', 'Action', 'Medieval', 'Singleplayer', 'Magic', 'Story Rich', 'Great Soundtrack', 'Sandbox', 'Lore-Rich', 'Atmospheric', 'Character Customization', 'Action RPG', 'Third Person', 'Epic']",7500000,The Elder Scrolls V: Skyrim,11370083,174896,47740
No Man's Sky,['Hello Games'],False,59526,293332,['Hello Games'],2016-08-01,"['Single-player', 'Multi-player', 'PvP', 'Online PvP', 'Co-op', 'Online Co-op', 'Cross-Platform Multiplayer', 'Steam Achievements', 'Full controller support', 'Tracked Controller Support', 'VR Supported', 'Steam Trading Cards', 'Steam Cloud', 'Remote Play on Tablet', 'Remote Play on TV', 'HDR available', 'Family Sharing']","['Action', 'Adventure']","['Open World', 'Open World Survival Craft', 'Space', 'Exploration', 'Sci-fi', 'Survival', 'Procedural Generation', 'Adventure', 'First-Person', 'Multiplayer', 'Sandbox', 'Singleplayer', 'Atmospheric', 'Crafting', 'Space Sim', 'Indie', 'Action', 'Simulation', 'FPS', 'VR']",7500000,No Man's Sky,14808926,290735,22104
Hogwarts Legacy,['Avalanche Software'],False,31429,289966,['Warner Bros. Games'],2023-02-01,"['Single-player', 'Steam Achievements', 'Full controller support', 'In-App Purchases', 'Steam Cloud', 'HDR available', 'Family Sharing']","['Action', 'Adventure', 'RPG']","['Magic', 'Open World', 'Fantasy', 'Singleplayer', 'Adventure', 'RPG', 'Character Customization', 'Exploration', 'Story Rich', 'Third Person', 'Action-Adventure', 'Atmospheric', 'Action RPG', 'Action', 'Combat', 'Choices Matter', 'Puzzle', 'Great Soundtrack', 'Dark', 'Family Friendly']",35000000,Hogwarts Legacy,13876071,458371,48655
People Playground,['mestiez'],False,4017,277746,['Studio Minus'],2019-07-01,"['Single-player', 'Steam Achievements', 'Steam Trading Cards', 'Steam Workshop', 'Steam Cloud', 'Family Sharing']","['Action', 'Casual', 'Indie', 'Simulation']","['Sandbox', 'Gore', 'Physics', 'Blood', 'Moddable', 'Violent', '2D', 'Singleplayer', 'Destruction', 'Simulation', 'Funny', 'Building', 'Pixel Graphics', 'Psychological Horror', 'Indie', 'Action', 'Casual', 'Comedy', 'Horror', 'Choose Your Own Adventure']",7500000,People Playground,35270806,1113782,51935
Hades,['Supergiant Games'],False,4912,274829,['Supergiant Games'],2020-09-01,"['Single-player', 'Steam Achievements', 'Full controller support', 'Steam Trading Cards', 'Captions available', 'Steam Cloud', 'Remote Play on Phone', 'Remote Play on Tablet', 'Remote Play on TV', 'Family Sharing']","['Action', 'Indie', 'RPG']","['Action Roguelike', 'Rogue-lite', 'Hack and Slash', 'Indie', 'Mythology', 'Action', 'Rogue-like', 'Singleplayer', 'Great Soundtrack', 'Story Rich', 'RPG', 'Dungeon Crawler', 'Replay Value', 'Isometric', 'Difficult', 'Action RPG', 'Hand-drawn', 'Atmospheric', 'Perma Death', 'LGBTQ+']",7500000,Hades,5839003,166459,7831
Borderlands 2,"['Gearbox Software', 'Aspyr (Mac)', 'Aspyr (Linux)']",False,22318,272900,"['2K', 'Aspyr (Mac)', 'Aspyr (Linux)']",2012-09-01,"['Single-player', 'Multi-player', 'Co-op', 'Steam Achievements', 'Full controller support', 'Steam Trading Cards', 'Steam Cloud', 'Remote Play on Phone', 'Remote Play on Tablet', 'Remote Play on TV', 'Family Sharing']","['Action', 'RPG']","['Loot', 'Shooter', 'Action', 'Multiplayer', 'Co-op', 'Looter Shooter', 'FPS', 'RPG', 'First-Person', 'Funny', 'Comedy', 'Open World', 'Combat', 'Online Co-Op', 'Adventure', 'Action RPG', 'Dark Humor', 'Singleplayer', 'Memes', 'Sci-fi']",15000000,Borderlands 2,5490948,85336,18444
Undertale,['tobyfox'],False,8850,264082,['tobyfox'],2015-09-01,"['Single-player', 'Steam Trading Cards', 'Remote Play on Phone', 'Remote Play on Tablet', 'Family Sharing']","['Indie', 'RPG']","['Great Soundtrack', 'Story Rich', 'Choices Matter', 'Multiple Endings', 'Pixel Graphics', 'Funny', 'RPG', 'Singleplayer', 'Indie', '2D', 'Comedy', 'Replay Value', 'Bullet Hell', 'Cute', 'Memes', 'Retro', 'Dark', 'Psychological Horror', 'Dating Sim', 'Horror']",7500000,Undertale,6406875,283193,16297
Forza Horizon 4,['Playground Games'],False,26975,263942,['Xbox Game Studios'],2021-03-01,"['Single-player', 'Multi-player', 'PvP', 'Online PvP', 'Co-op', 'Online Co-op', 'Cross-Platform Multiplayer', 'Steam Achievements', 'Full controller support', 'Steam Trading Cards', 'Steam Cloud', 'Family Sharing']",['Racing'],"['Racing', 'Open World', 'Driving', 'Multiplayer', 'Automobile Sim', 'Realistic', 'Online Co-Op', 'Singleplayer', 'Controller', 'Simulation', 'PvP', 'Adventure', 'Exploration', 'Arcade', 'Atmospheric', 'Action', 'Sports', 'Great Soundtrack', 'First-Person', 'Funny']",7500000,Forza Horizon 4,5159838,104410,12083
Cities: Skylines,['Colossal Order Ltd.'],False,19408,256362,['Paradox Interactive'],2015-03-01,"['Single-player', 'Steam Achievements', 'Steam Trading Cards', 'Steam Workshop', 'Steam Cloud', 'Includes level editor', 'Remote Play on Tablet', 'Family Sharing']","['Simulation', 'Strategy']","['City Builder', 'Simulation', 'Building', 'Management', 'Strategy', 'Sandbox', 'Singleplayer', 'Moddable', 'Economy', 'Resource Management', 'Mod', 'Realistic', 'Replay Value', 'Casual', 'Modern', 'Real-Time with Pause', 'Family Friendly', 'Great Soundtrack', 'Funny', 'Action']",15000000,Cities: Skylines,4044366,69384,6030
Arma 3,['Bohemia Interactive'],False,27136,256128,['Bohemia Interactive'],2013-09-01,"['Single-player', 'Multi-player', 'PvP', 'Online PvP', 'LAN PvP', 'Co-op', 'Online Co-op', 'LAN Co-op', 'Steam Achievements', 'Steam Trading Cards', 'Captions available', 'Steam Workshop', 'Stats', 'Steam Leaderboards', 'Includes level editor', 'Steam Timeline']","['Action', 'Simulation', 'Strategy']","['Military', 'Action', 'Multiplayer', 'Shooter', 'Simulation', 'Realistic', 'First-Person', 'Open World', 'Tactical', 'FPS', 'War', 'Co-op', 'Strategy', 'Sandbox', 'Singleplayer', 'Moddable', 'Combat', 'Online Co-Op', 'Team-Based', 'Third-Person Shooter']",15000000,Arma 3,6014688,161098,5756
Vampire Survivors,['poncle'],False,3855,246479,['poncle'],2022-10-01,"['Single-player', 'Steam Achievements', 'Full controller support', 'Steam Trading Cards', 'Steam Cloud', 'Remote Play Together', 'Family Sharing']","['Action', 'Casual', 'Indie', 'RPG']","['Action Roguelike', 'Bullet Hell', 'Pixel Graphics', 'Rogue-lite', 'Vampire', '2D', 'Indie', 'Singleplayer', 'Casual', 'Arcade', 'Action', 'Rogue-like', 'RPG', 'Controller', 'Retro', 'Score Attack', 'Local Co-Op', 'Dark Fantasy', 'Action RPG', '1980s']",7500000,Vampire Survivors,780224,19649,2051
Counter-Strike,['Valve'],False,6427,243818,['Valve'],2000-11-01,"['Multi-player', 'PvP', 'Online PvP', 'Shared/Split Screen PvP', 'Color Alternatives', 'Custom Volume Controls', 'Keyboard Only Option', 'Stereo Sound', 'Valve Anti-Cheat enabled', 'Family Sharing']",['Action'],"['Action', 'FPS', 'Multiplayer', 'Shooter', 'Classic', 'Team-Based', 'First-Person', 'Competitive', 'Tactical', ""1990's"", 'e-sports', 'PvP', 'Old School', 'Military', 'Strategy', 'Survival', 'Score Attack', '1980s', 'Assassin', 'Nostalgia']",15000000,Counter-Strike,1459749,28522,3671
Half-Life 2,['Valve'],False,5906,239721,['Valve'],2004-11-01,"['Single-player', 'Steam Achievements', 'Full controller support', 'Steam Trading Cards', 'Captions available', 'Steam Workshop', 'Camera Comfort', 'Custom Volume Controls', 'Adjustable Difficulty', 'Playable without Timed Input', 'Save Anytime', 'Stereo Sound', 'Subtitle Options', 'Surround Sound', 'Steam Cloud', 'Includes Source SDK', 'Commentary available', 'Remote Play on Phone', 'Remote Play on Tablet', 'Remote Play Together', 'Family Sharing', 'Steam Timeline']",['Action'],"['FPS', 'Action', 'Sci-fi', 'Classic', 'Singleplayer', 'Story Rich', 'Shooter', 'First-Person', 'Adventure', 'Dystopian ', 'Atmospheric', 'Zombies', 'Silent Protagonist', 'Physics', 'Aliens', 'Great Soundtrack', 'Horror', 'Multiplayer', 'Puzzle', 'Moddable']",15000000,Half-Life 2,7603888,212603,16520
Tomb Raider,"['Crystal Dynamics', 'Eidos-Montréal', 'Feral Interactive (Mac)', 'Nixxes']",False,9691,238239,"['Crystal Dynamics', 'Feral Interactive (Mac)']",2013-03-01,"['Single-player', 'Multi-player', 'Steam Achievements', 'Full controller support', 'Steam Trading Cards', 'Steam Cloud', 'Remote Play on Phone', 'Remote Play on Tablet', 'Remote Play on TV', 'Family Sharing']","['Action', 'Adventure']","['Adventure', 'Action', 'Female Protagonist', 'Third Person', 'Singleplayer', 'Story Rich', 'Third-Person Shooter', 'Multiplayer', 'Exploration', 'Action-Adventure', 'Quick-Time Events', 'Atmospheric', 'Puzzle', 'Shooter', 'Stealth', 'Cinematic', 'Platformer', 'RPG', 'Reboot', '3D Vision']",7500000,Tomb Raider,16793077,224378,22685
Mount & Blade II: Bannerlord,['TaleWorlds Entertainment'],False,32031,232360,['TaleWorlds Entertainment'],2022-10-01,"['Single-player', 'Multi-player', 'PvP', 'Online PvP', 'Steam Achievements', 'Steam Trading Cards', 'Steam Workshop', 'Partial Controller Support', 'Steam Cloud', 'Includes level editor', 'Remote Play on Tablet', 'Family Sharing']","['Action', 'Indie', 'RPG', 'Simulation', 'Strategy']","['Medieval', 'Strategy', 'Open World', 'RPG', 'War', 'Sandbox', 'Multiplayer', 'Singleplayer', 'Action', 'Character Customization', 'Simulation', 'Moddable', 'Adventure', 'Horses', 'Realistic', 'Third Person', 'Historical', 'First-Person', 'Great Soundtrack', 'Early Access']",15000000,Mount & Blade II: Bannerlord,4116796,110943,12421
NARAKA: BLADEPOINT,['24 Entertainment'],True,98967,225960,['NetEase Games Global'],2021-08-01,"['Multi-player', 'PvP', 'Online PvP', 'Steam Achievements', 'Steam Trading Cards', 'In-App Purchases', 'Partial Controller Support', 'HDR available']","['Action', 'Adventure', 'Massively Multiplayer']","['Battle Royale', 'Multiplayer', 'Martial Arts', 'Mature', 'PvP', 'Action', 'Female Protagonist', 'Character Customization', 'Massively Multiplayer', 'Fighting', 'Survival', 'Third Person', 'Swordplay', 'Hack and Slash', 'Anime', 'Parkour', 'Adventure', 'Free to Play', 'Violent', 'Gore']",15000000,NARAKA: BLADEPOINT,1477215,20898,1920
Satisfactory,['Coffee Stain Studios'],False,6585,225479,['Coffee Stain Publishing'],2024-09-01,"['Single-player', 'Multi-player', 'Co-op', 'Online Co-op', 'Cross-Platform Multiplayer', 'Steam Achievements', 'Adjustable Text Size', 'Camera Comfort', 'Color Alternatives', 'Custom Volume Controls', 'Adjustable Difficulty', 'Playable without Timed Input', 'Save Anytime', 'Stereo Sound', 'Surround Sound', 'Partial Controller Support', 'Steam Cloud', 'Remote Play on Tablet', 'Family Sharing']","['Adventure', 'Indie', 'Simulation', 'Strategy']","['Base-Building', 'Automation', 'Open World', 'Multiplayer', 'Crafting', 'Co-op', 'Building', 'Resource Management', 'Sandbox', 'Exploration', 'Adventure', 'Open World Survival Craft', 'Survival', 'First-Person', 'Simulation', 'Strategy', 'Sci-fi', 'Singleplayer', 'Early Access', 'Indie']",15000000,Satisfactory,2195958,101639,4547
Halo: The Master Chief Collection,"['343 Industries', 'Splash Damage', 'Ruffian Games', 'Bungie', 'Saber Interactive']",False,18432,223635,['Xbox Game Studios'],2019-12-01,"['Single-player', 'Multi-player', 'PvP', 'Online PvP', 'LAN PvP', 'Co-op', 'Online Co-op', 'LAN Co-op', 'Cross-Platform Multiplayer', 'Steam Achievements', 'Full controller support', 'Steam Trading Cards', 'Steam Workshop', 'Remote Play on Phone', 'Remote Play on Tablet', 'Remote Play on TV', 'Family Sharing']",['Action'],"['Great Soundtrack', 'FPS', 'Classic', 'Multiplayer', 'Story Rich', 'Sci-fi', 'Co-op', 'First-Person', 'Epic', 'Shooter', 'Action', 'Singleplayer', 'Aliens', 'Lore-Rich', 'Beautiful', 'Space', 'Atmospheric', 'Adventure', 'Horror', 'Online Co-Op']",7500000,Halo: The Master Chief Collection,2308250,34569,7080
Sons Of The Forest,['Endnight Games Ltd'],False,31051,222495,['Newnight '],2024-02-01,"['Single-player', 'Multi-player', 'Co-op', 'Online Co-op', 'Steam Achievements', 'Full controller support', 'Steam Cloud', 'Family Sharing']","['Action', 'Adventure', 'Indie', 'Simulation']","['Survival', 'Open World', 'Multiplayer', 'Co-op', 'Survival Horror', 'Base-Building', 'Horror', 'Crafting', 'First-Person', 'Building', 'Exploration', 'Adventure', 'Singleplayer', 'Atmospheric', 'Sandbox', 'Action-Adventure', 'Action', 'Simulation', 'Immersive Sim', 'Early Access']",15000000,Sons Of The Forest,3144338,117392,5941
Fallout: New Vegas,['Obsidian Entertainment'],False,8937,218763,['Bethesda Softworks'],2010-10-01,"['Single-player', 'Steam Achievements', 'Partial Controller Support', 'Steam Leaderboards', 'Remote Play on Phone', 'Remote Play on Tablet', 'Family Sharing']","['Action', 'RPG']","['Open World', 'RPG', 'Post-apocalyptic', 'Singleplayer', 'Moddable', 'Story Rich', 'Exploration', 'First-Person', 'Action', 'Adventure', 'FPS', 'Sci-fi', 'Western', 'Atmospheric', 'Action RPG', 'Character Customization', 'Survival', 'Sandbox', 'Shooter', 'Third Person']",7500000,Fallout: New Vegas,28341819,611676,73706
Ready or Not,['VOID Interactive'],False,25542,210654,['VOID Interactive'],2023-12-01,"['Single-player', 'Multi-player', 'Co-op', 'Online Co-op', 'Steam Achievements', 'Full controller support', 'Steam Cloud']","['Action', 'Adventure', 'Indie']","['Tactical', 'Realistic', 'FPS', 'Shooter', 'Multiplayer', 'Co-op', 'Singleplayer', 'Horror', 'First-Person', 'Action', 'Violent', 'Combat', 'Gun Customization', 'Crime', 'Gore', 'Modern', 'Psychological Horror', 'Atmospheric', 'America', 'Co-op Campaign']",7500000,Ready or Not,1164240,40229,4144
Factorio,['Wube Software LTD.'],False,6439,208770,['Wube Software LTD.'],2020-08-01,"['Single-player', 'Multi-player', 'Co-op', 'Online Co-op', 'LAN Co-op', 'Cross-Platform Multiplayer', 'Steam Achievements', 'Partial Controller Support', 'Steam Cloud', 'Includes level editor', 'Remote Play on Tablet', 'Family Sharing']","['Casual', 'Indie', 'Simulation', 'Strategy']","['Automation', 'Base-Building', 'Resource Management', 'Sandbox', 'Crafting', 'Strategy', 'Multiplayer', 'Survival', 'Management', 'Open World', 'Building', 'Co-op', '2D', 'Moddable', 'Singleplayer', 'Trains', 'Simulation', 'Pixel Graphics', 'City Builder', 'Indie']",7500000,Factorio,8476146,284859,12871
It Takes Two,['Hazelight Studios'],False,10341,208042,['Electronic Arts'],2021-03-01,"['Multi-player', 'Co-op', 'Online Co-op', 'Shared/Split Screen Co-op', 'Shared/Split Screen', 'Steam Achievements', 'Full controller support', 'Steam Trading Cards', 'Stereo Sound', 'Surround Sound', 'Steam Cloud', 'Remote Play Together']","['Action', 'Adventure']","['Co-op', 'Multiplayer', 'Split Screen', 'Local Co-Op', 'Puzzle', 'Online Co-Op', 'Adventure', 'Story Rich', 'Co-op Campaign', 'Local Multiplayer', 'Puzzle-Platformer', 'Action-Adventure', '3D Platformer', 'Emotional', 'Platformer', 'Action', 'Exploration', 'Atmospheric', 'Minigames', 'Female Protagonist']",7500000,It Takes Two,4087516,128616,5605
RimWorld,['Ludeon Studios'],False,4301,206216,['Ludeon Studios'],2018-10-01,"['Single-player', 'Steam Workshop', 'Partial Controller Support', 'Steam Cloud', 'Remote Play on Tablet', 'Family Sharing']","['Indie', 'Simulation', 'Strategy']","['Colony Sim', 'Base-Building', 'Survival', 'Strategy', 'Sandbox', 'Management', 'Building', 'Simulation', 'Moddable', 'Singleplayer', 'City Builder', 'Open World', 'Procedural Generation', '2D', 'Sci-fi', 'Indie', 'Space', 'Tactical RPG', 'Cartoony', 'Western']",7500000,RimWorld,8190255,229956,9301
Doki Doki Literature Club!,['Team Salvato'],True,7470,203247,['Team Salvato'],2017-10-01,"['Single-player', 'Remote Play on Phone', 'Remote Play on Tablet']","['Casual', 'Free To Play', 'Indie']","['Psychological Horror', 'Visual Novel', 'Anime', 'Free to Play', 'Dating Sim', 'Cute', 'Horror', 'Dark', 'Story Rich', 'Romance', 'Singleplayer', 'Great Soundtrack', 'Gore', 'Violent', 'Indie', 'Sexual Content', 'First-Person', 'Memes', 'Casual', 'Adventure']",7500000,Doki Doki Literature Club!,5129698,176620,7003
Human Fall Flat,['No Brakes Games'],False,11387,202253,['Curve Games'],2016-07-01,"['Single-player', 'Multi-player', 'PvP', 'Online PvP', 'Co-op', 'Shared/Split Screen Co-op', 'Shared/Split Screen', 'Steam Achievements', 'Full controller support', 'Steam Trading Cards', 'Steam Workshop', 'Color Alternatives', 'Custom Volume Controls', 'Keyboard Only Option', 'Playable without Timed Input', 'Stereo Sound', 'Surround Sound', 'Steam Cloud', 'Stats', 'Remote Play on TV', 'Remote Play Together', 'Family Sharing']","['Adventure', 'Casual', 'Indie', 'Simulation']","['Co-op', 'Funny', 'Puzzle', 'Adventure', 'Physics', 'Multiplayer', 'Sandbox', 'Puzzle-Platformer', 'Action', 'Open World', 'Local Co-Op', 'Indie', 'Local Multiplayer', 'Comedy', 'Parkour', 'Casual', 'Split Screen', 'Singleplayer', '3D Platformer', 'Simulation']",15000000,Human Fall Flat,327596,4378,471
Schedule I,['TVGS'],False,3238,200803,['TVGS'],2025-03-01,"['Single-player', 'Multi-player', 'Co-op', 'Online Co-op', 'Steam Achievements', 'Adjustable Text Size', 'Camera Comfort', 'Custom Volume Controls', 'Save Anytime', 'Stereo Sound', 'Steam Cloud', 'Family Sharing']","['Action', 'Indie', 'Simulation', 'Strategy', 'Early Access']","['Simulation', 'Co-op', 'Crime', 'Multiplayer', 'Open World', 'Management', 'First-Person', 'Action', 'Crafting', 'Base-Building', 'Automation', 'Building', 'Stealth', 'Strategy', 'FPS', 'Character Customization', 'Driving', 'Shooter', 'Early Access', 'Action-Adventure']",15000000,Schedule I,1344880,40747,3693
Forza Horizon 5,['Playground Games'],False,25679,199950,['Xbox Game Studios'],2021-11-01,"['Single-player', 'Multi-player', 'PvP', 'Online PvP', 'Co-op', 'Online Co-op', 'Cross-Platform Multiplayer', 'Steam Achievements', 'Full controller support', 'Steam Trading Cards', 'Steam Cloud', 'HDR available', 'Family Sharing']","['Action', 'Adventure', 'Racing', 'Simulation', 'Sports']","['Racing', 'Open World', 'Driving', 'Multiplayer', 'Automobile Sim', 'Realistic', 'Simulation', 'Adventure', 'Arcade', 'Exploration', 'First-Person', 'Co-op', 'Online Co-Op', 'Sports', 'Atmospheric', 'PvP', 'Singleplayer', 'Beautiful', 'VR', 'Action']",7500000,Forza Horizon 5,7508445,202412,14120
DOOM,['id Software'],False,9278,198001,['Bethesda Softworks'],2016-05-01,"['Single-player', 'Multi-player', 'Co-op', 'Steam Achievements', 'Steam Trading Cards', 'Color Alternatives', 'Stereo Sound', 'Surround Sound', 'Partial Controller Support', 'Steam Cloud', 'Remote Play on Phone', 'Remote Play on Tablet', 'Family Sharing']",['Action'],"['FPS', 'Gore', 'Action', 'Shooter', 'Great Soundtrack', 'Demons', 'First-Person', 'Multiplayer', 'Fast-Paced', 'Singleplayer', 'Sci-fi', 'Horror', 'Atmospheric', 'Classic', 'Blood', 'Difficult', 'Remake', 'Zombies', 'Violent', 'Co-op']",7500000,DOOM,23939199,620541,56576
New World: Aeternum,['Amazon Games'],False,90080,196798,['Amazon Games'],2021-09-01,"['Multi-player', 'MMO', 'PvP', 'Online PvP', 'Co-op', 'Online Co-op', 'Steam Achievements', 'In-App Purchases', 'Partial Controller Support']","['Action', 'Adventure', 'Massively Multiplayer', 'RPG']","['Open World', 'Massively Multiplayer', 'MMORPG', 'RPG', 'Adventure', 'Action', 'PvP', 'PvE', 'Multiplayer', 'Fantasy', 'Character Customization', 'Walking Simulator', 'Crafting', 'Third Person', 'Co-op', 'Open World Survival Craft', 'Sandbox', 'Violent', 'Sexual Content', 'Singleplayer']",75000000,New World: Aeternum,3911245,175783,3952
SCP: Secret Laboratory,['Northwood Studios'],True,18386,195923,['Northwood Studios'],2017-12-01,"['Multi-player', 'PvP', 'Online PvP', 'Steam Achievements', 'Steam Cloud', 'Valve Anti-Cheat enabled']","['Action', 'Free To Play']","['Free to Play', 'Multiplayer', 'Horror', 'First-Person', 'Co-op', 'Survival Horror', 'Shooter', 'Online Co-Op', 'FPS', 'Action', 'Memes', 'Survival', 'Sci-fi', 'Psychological Horror', 'Atmospheric', 'Strategy', 'Difficult', 'Indie', 'Adventure', 'Fantasy']",7500000,SCP: Secret Laboratory,4071822,247538,3814
DOOM Eternal,['id Software'],False,18219,187807,['Bethesda Softworks'],2020-03-01,"['Single-player', 'Multi-player', 'PvP', 'Online PvP', 'Steam Achievements', 'Steam Trading Cards', 'Color Alternatives', 'Adjustable Difficulty', 'Stereo Sound', 'Surround Sound', 'Partial Controller Support', 'Steam Cloud', 'Remote Play on Phone', 'Remote Play on Tablet', 'HDR available', 'Family Sharing']",['Action'],"['FPS', 'Action', 'Gore', 'Great Soundtrack', 'Fast-Paced', 'Violent', 'Demons', 'Shooter', 'First-Person', 'Singleplayer', 'Blood', 'Multiplayer', 'Sci-fi', 'Post-apocalyptic', 'Mature', 'Atmospheric', 'Story Rich', 'Difficult', 'Adventure', 'Horror']",7500000,DOOM Eternal,16503820,555842,40828
Divinity: Original Sin 2 - Definitive Edition,['Larian Studios'],False,7958,182166,['Larian Studios'],2017-09-01,"['Single-player', 'Multi-player', 'PvP', 'Online PvP', 'Shared/Split Screen PvP', 'Co-op', 'Online Co-op', 'Shared/Split Screen Co-op', 'Shared/Split Screen', 'Steam Achievements', 'Full controller support', 'Steam Trading Cards', 'Captions available', 'Steam Workshop', 'Steam Cloud', 'Includes level editor', 'Remote Play on Tablet', 'Remote Play on TV', 'Remote Play Together', 'Family Sharing']","['Adventure', 'RPG', 'Strategy']","['Tactical RPG', 'RPG', 'Turn-Based Strategy', 'Story Rich', 'Fantasy', 'Character Customization', 'CRPG', 'Exploration', 'Party-Based RPG', 'Strategy RPG', 'PvP', 'Female Protagonist', 'Co-op Campaign', 'Local Co-Op', 'Choices Matter', 'Isometric', 'Romance', 'Strategy', 'Moddable', 'Funny']",7500000,Divinity: Original Sin 2 - Definitive Edition,4252619,53628,4507
Grand Theft Auto IV: The Complete Edition,"['Rockstar North', 'Rockstar Toronto']",False,30691,144493,['Rockstar Games'],2020-03-01,"['Single-player', 'Multi-player', 'Partial Controller Support', 'Remote Play on Phone', 'Remote Play on Tablet']","['Action', 'Adventure']","['Open World', 'Action', 'Automobile Sim', 'Multiplayer', 'Crime', 'Third Person', 'Adventure', 'Singleplayer', 'Third-Person Shooter', 'Moddable', 'Sandbox', 'Shooter', 'Physics', 'Atmospheric', 'Classic', 'Dark Humor', 'Funny', 'Gore', 'Satire', 'Co-op']",7500000,Grand Theft Auto IV: The Complete Edition,8121550,128169,23932
